Firm,Sponsoring/Fiscal Org,Firm - Physical Address
Mi Mexico,A&S Supermercado,2601 W 59th St Chicago Illinois 60629 
Morgan Mini Mart ,Morgan Foods LLC,6600 S Morgan St Chicago Illinois 60621 
Go Green Community Fresh Market,Go Green Community Fresh Market,1207 W. 63rd St. Chicago Illinois 60636 
Town Square Market,"Town Square Market, LLC",106 E. Jackson St. Carbondale Illinois 62901 
Neighborhood Co-op Grocery,Neighborhood Co-op Grocery,1815 W. Main Street Carbondale Illinois 62901 
Sous Chef,Sous LLC - Sous Chef dba Sous Chef,1311 SW Adams Suite B Peoria Illinois 61602 
Green Top Grocery,Green Top Grocery Cooperative,921 E. Washington Street Bloomington Illinois 61701 
Supermercado El Guero #10 Inc,Supermercado El Guero #10 Inc,4023 S Archer Ave Chicago Illinois 60632 
Dill Pickle Food Co-op,Dill Pickle Food Coop,2746 N Milwaukee Ave Chicago Illinois 60647 
Sugar Beet Food Store Co-op,Sugar Beet Food Cooperative,812 Madison Oak Park Illinois 60302 
Common Ground Food Co-op,Common Ground Food Co-op,300 S Broadway Ave Suite #166 Urbana Illinois 61801 
Cermak Produce No. 5 Ltd,Cermak Produce No. 5 Ltd,3435 S Archer  Chicago Illinois 60608 
One Stop Food & Liquor Store Inc,One Stop Food & Liquor Store Inc,4301 S. Lake Park Ave Chicago Illinois 60653 
Save A Lot - 61315,Yellow Banana Illinois,420 South Pulaski Chicago Illinois 60624 
Save A Lot - 21608,Yellow Banana Illinois,10700 S HALSTEAD RD Chicago Illinois 60628 
Save A Lot - 61313,Yellow Banana Illinois,7240 S STONY ISLAND AVE Chicago Illinois 60649 
Save A Lot - 61314,Yellow Banana Illinois,2858 E 83RD ST Chicago Illinois 60617 
Save A Lot - 61316,Yellow Banana Illinois,4439 W 63RD ST Chicago Illinois 60629 
Save A Lot - 61318,Yellow Banana Illinois,344 E 63RD ST Chicago Illinois 60637 
Save A Lot - 21608,Yellow Banana Illinois,832 W 63rd St Chicago Illinois 60621 
Salt & Light,Salt & Light,1819 South Philo Road Urbana Illinois 61802 